﻿Name,categories,Creado Por,Etiquetas,Property,date,description,excerpt,tags,title
Quick Create a Page,Product,Camille Ricketts,,,"Sep 20, 2019 9:01 AM",,,,
Potential Distribution Channels,"Important,Marketing",Jen Jackson,,,"Sep 20, 2019 9:01 AM",,,,
User Interview Playbook,Research,Shirley Miao,,,"Sep 20, 2019 9:01 AM",,,"fuck,lol",
iOS Onboarding Keys,"Important,Product,UX",Ben Lang,,,"Sep 20, 2019 9:01 AM",,,"algo,asco,asqueroso,asqueroste xd,chupala,cosa,fuck,grrr,locura,lol,mierda,perrete,perro,prueba,puta,sacalo,xd",iOS Onboarding Keys
,Important,Pablo Álvarez,,,"Sep 20, 2019 9:01 AM",,,,
Prueba 1,,Pablo Álvarez,,,"Sep 20, 2019 9:04 AM",,,,
,,Pablo Álvarez,,,"Sep 20, 2019 9:06 AM",,,,
,,Pablo Álvarez,,,"Sep 20, 2019 9:20 AM",,,,
,,Pablo Álvarez,,,"Sep 20, 2019 9:20 AM",,,,
Sencilla,,Pablo Álvarez,,,"Sep 20, 2019 9:21 AM",,,,
Enlace a Youtube: Repositorio de Vídeos,Product,Pablo Álvarez,,https://youtube.com,"Sep 20, 2019 9:24 AM",Mi casa es una puta mierda,Mi casa es una puta mierda,"Limpiar,Vídeos",Enlace a Youtube Fuck You XD XD
,,Pablo Álvarez,,,"Sep 20, 2019 9:24 AM",,,,
,,Pablo Álvarez,,,"Sep 20, 2019 9:24 AM",,,,
,,Pablo Álvarez,,,"Sep 20, 2019 10:14 AM",,,,